"OBJECTID","ID_0","ISO","NAME_0","ID_1","NAME_1","ID_2","NAME_2","HASC_2","CCN_2","CCA_2","TYPE_2","ENGTYPE_2","NL_NAME_2","VARNAME_2"
1,58,"HRV","Croatia",1,"Šibensko-Kninska",1,"Šibenik","",NA,"","City","","",""
2,58,"HRV","Croatia",1,"Šibensko-Kninska",2,"Bilice","",NA,"","","","",""
3,58,"HRV","Croatia",1,"Šibensko-Kninska",3,"Biskupija","",NA,"","","","",""
4,58,"HRV","Croatia",1,"Šibensko-Kninska",4,"Civljane","",NA,"","","","",""
5,58,"HRV","Croatia",1,"Šibensko-Kninska",5,"Drniš","",NA,"","Town","","",""
6,58,"HRV","Croatia",1,"Šibensko-Kninska",6,"Ervenik","",NA,"","","","",""
7,58,"HRV","Croatia",1,"Šibensko-Kninska",7,"Kijevo","",NA,"","","","",""
8,58,"HRV","Croatia",1,"Šibensko-Kninska",8,"Kistanje","",NA,"","","","",""
9,58,"HRV","Croatia",1,"Šibensko-Kninska",9,"Knin","",NA,"","Town","","",""
10,58,"HRV","Croatia",1,"Šibensko-Kninska",10,"Murter","",NA,"","","","",""
11,58,"HRV","Croatia",1,"Šibensko-Kninska",11,"Pirovac","",NA,"","","","",""
12,58,"HRV","Croatia",1,"Šibensko-Kninska",12,"Primošten","",NA,"","","","",""
13,58,"HRV","Croatia",1,"Šibensko-Kninska",13,"Promina","",NA,"","","","",""
14,58,"HRV","Croatia",1,"Šibensko-Kninska",14,"Rogoznica","",NA,"","","","",""
15,58,"HRV","Croatia",1,"Šibensko-Kninska",15,"Ružic","",NA,"","","","",""
16,58,"HRV","Croatia",1,"Šibensko-Kninska",16,"Skradin","",NA,"","Town","","",""
17,58,"HRV","Croatia",1,"Šibensko-Kninska",17,"Tisno","",NA,"","","","",""
18,58,"HRV","Croatia",1,"Šibensko-Kninska",18,"Unešic","",NA,"","","","",""
19,58,"HRV","Croatia",1,"Šibensko-Kninska",19,"Vodice","",NA,"","Town","","",""
20,58,"HRV","Croatia",2,"Bjelovarska-Bilogorska",20,"Šandrovac","",NA,"","","","",""
21,58,"HRV","Croatia",2,"Bjelovarska-Bilogorska",21,"Štefanje","",NA,"","","","",""
22,58,"HRV","Croatia",2,"Bjelovarska-Bilogorska",22,"Ðulovac","",NA,"","","","",""
23,58,"HRV","Croatia",2,"Bjelovarska-Bilogorska",23,"Cazma","",NA,"","Town","","",""
24,58,"HRV","Croatia",2,"Bjelovarska-Bilogorska",24,"Berek","",NA,"","","","",""
25,58,"HRV","Croatia",2,"Bjelovarska-Bilogorska",25,"Bjelovar","",NA,"","Town","","",""
26,58,"HRV","Croatia",2,"Bjelovarska-Bilogorska",26,"Daruvar","",NA,"","Town","","",""
27,58,"HRV","Croatia",2,"Bjelovarska-Bilogorska",27,"Dežanovac","",NA,"","","","",""
28,58,"HRV","Croatia",2,"Bjelovarska-Bilogorska",28,"Garešnica","",NA,"","Town","","",""
29,58,"HRV","Croatia",2,"Bjelovarska-Bilogorska",29,"Grubišno Polje","",NA,"","Town","","",""
30,58,"HRV","Croatia",2,"Bjelovarska-Bilogorska",30,"Hercegovac","",NA,"","","","",""
31,58,"HRV","Croatia",2,"Bjelovarska-Bilogorska",31,"Ivanska","",NA,"","","","",""
32,58,"HRV","Croatia",2,"Bjelovarska-Bilogorska",32,"Kapela","",NA,"","","","",""
33,58,"HRV","Croatia",2,"Bjelovarska-Bilogorska",33,"Koncanica","",NA,"","","","",""
34,58,"HRV","Croatia",2,"Bjelovarska-Bilogorska",34,"Nova Raca","",NA,"","","","",""
35,58,"HRV","Croatia",2,"Bjelovarska-Bilogorska",35,"Rovišce","",NA,"","","","",""
36,58,"HRV","Croatia",2,"Bjelovarska-Bilogorska",36,"Severin","",NA,"","","","",""
37,58,"HRV","Croatia",2,"Bjelovarska-Bilogorska",37,"Sirac","",NA,"","","","",""
38,58,"HRV","Croatia",2,"Bjelovarska-Bilogorska",38,"Velika Pisanica","",NA,"","","","",""
39,58,"HRV","Croatia",2,"Bjelovarska-Bilogorska",39,"Velika Trnovitica","",NA,"","","","",""
40,58,"HRV","Croatia",2,"Bjelovarska-Bilogorska",40,"Veliki Grdevac","",NA,"","","","",""
41,58,"HRV","Croatia",2,"Bjelovarska-Bilogorska",41,"Veliko Trojstvo","",NA,"","","","",""
42,58,"HRV","Croatia",2,"Bjelovarska-Bilogorska",42,"Zrinski Topolovac","",NA,"","","","",""
43,58,"HRV","Croatia",3,"Brodsko-Posavska",43,"Bebrina","",NA,"","","","",""
44,58,"HRV","Croatia",3,"Brodsko-Posavska",44,"Brodski Stupnik","",NA,"","","","",""
45,58,"HRV","Croatia",3,"Brodsko-Posavska",45,"Bukovlje","",NA,"","","","",""
46,58,"HRV","Croatia",3,"Brodsko-Posavska",46,"Cernik","",NA,"","","","",""
47,58,"HRV","Croatia",3,"Brodsko-Posavska",47,"Davor","",NA,"","","","",""
48,58,"HRV","Croatia",3,"Brodsko-Posavska",48,"Donji Andrijevci","",NA,"","","","",""
49,58,"HRV","Croatia",3,"Brodsko-Posavska",49,"Dragalic","",NA,"","","","",""
50,58,"HRV","Croatia",3,"Brodsko-Posavska",50,"Garcin","",NA,"","","","",""
51,58,"HRV","Croatia",3,"Brodsko-Posavska",51,"Gornja Vrba","",NA,"","","","",""
52,58,"HRV","Croatia",3,"Brodsko-Posavska",52,"Gornji Bogicevci","",NA,"","","","",""
53,58,"HRV","Croatia",3,"Brodsko-Posavska",53,"Gundinci","",NA,"","","","",""
54,58,"HRV","Croatia",3,"Brodsko-Posavska",54,"Nova Gradiška","",NA,"","Town","","",""
55,58,"HRV","Croatia",3,"Brodsko-Posavska",55,"Nova Kapela","",NA,"","","","",""
56,58,"HRV","Croatia",3,"Brodsko-Posavska",56,"Okucani","",NA,"","","","",""
57,58,"HRV","Croatia",3,"Brodsko-Posavska",57,"Oprisavci","",NA,"","","","",""
58,58,"HRV","Croatia",3,"Brodsko-Posavska",58,"Oriovac","",NA,"","","","",""
59,58,"HRV","Croatia",3,"Brodsko-Posavska",59,"Podcrkavlje","",NA,"","","","",""
60,58,"HRV","Croatia",3,"Brodsko-Posavska",60,"Rešetari","",NA,"","","","",""
61,58,"HRV","Croatia",3,"Brodsko-Posavska",61,"Sibinj","",NA,"","","","",""
62,58,"HRV","Croatia",3,"Brodsko-Posavska",62,"Sikirevci","",NA,"","","","",""
63,58,"HRV","Croatia",3,"Brodsko-Posavska",63,"Slavonski Šamac","",NA,"","","","",""
64,58,"HRV","Croatia",3,"Brodsko-Posavska",64,"Slavonski Brod","",NA,"","City","","",""
65,58,"HRV","Croatia",3,"Brodsko-Posavska",65,"Stara Gradiška","",NA,"","","","",""
66,58,"HRV","Croatia",3,"Brodsko-Posavska",66,"Staro Petrovo Selo","",NA,"","","","",""
67,58,"HRV","Croatia",3,"Brodsko-Posavska",67,"Unknown_1","",NA,"","","","",""
68,58,"HRV","Croatia",3,"Brodsko-Posavska",68,"Velika Kopanica","",NA,"","","","",""
69,58,"HRV","Croatia",3,"Brodsko-Posavska",69,"Vrbje","",NA,"","","","",""
70,58,"HRV","Croatia",3,"Brodsko-Posavska",70,"Vrpolje","",NA,"","","","",""
71,58,"HRV","Croatia",4,"Dubrovacko-Neretvanska",71,"Župa Dubrovacka","",NA,"","","","",""
72,58,"HRV","Croatia",4,"Dubrovacko-Neretvanska",72,"Blato","",NA,"","","","",""
73,58,"HRV","Croatia",4,"Dubrovacko-Neretvanska",73,"Dubrovacko Primorje","",NA,"","","","",""
74,58,"HRV","Croatia",4,"Dubrovacko-Neretvanska",74,"Dubrovnik","",NA,"","City","","",""
75,58,"HRV","Croatia",4,"Dubrovacko-Neretvanska",75,"Janjina","",NA,"","","","",""
76,58,"HRV","Croatia",4,"Dubrovacko-Neretvanska",76,"Konavle","",NA,"","","","",""
77,58,"HRV","Croatia",4,"Dubrovacko-Neretvanska",77,"Korcula","",NA,"","City","","",""
78,58,"HRV","Croatia",4,"Dubrovacko-Neretvanska",78,"Kula Norinska","",NA,"","","","",""
79,58,"HRV","Croatia",4,"Dubrovacko-Neretvanska",79,"Lastovo","",NA,"","","","",""
80,58,"HRV","Croatia",4,"Dubrovacko-Neretvanska",80,"Lumbarda","",NA,"","","","",""
81,58,"HRV","Croatia",4,"Dubrovacko-Neretvanska",81,"Metkovic","",NA,"","","","",""
82,58,"HRV","Croatia",4,"Dubrovacko-Neretvanska",82,"Mljet","",NA,"","","","",""
83,58,"HRV","Croatia",4,"Dubrovacko-Neretvanska",83,"Opuzen","",NA,"","City","","",""
84,58,"HRV","Croatia",4,"Dubrovacko-Neretvanska",84,"Orebic","",NA,"","","","",""
85,58,"HRV","Croatia",4,"Dubrovacko-Neretvanska",85,"Ploce","",NA,"","City","","",""
86,58,"HRV","Croatia",4,"Dubrovacko-Neretvanska",86,"Pojezerje","",NA,"","","","",""
87,58,"HRV","Croatia",4,"Dubrovacko-Neretvanska",87,"Slivno","",NA,"","","","",""
88,58,"HRV","Croatia",4,"Dubrovacko-Neretvanska",88,"Smokvica","",NA,"","","","",""
89,58,"HRV","Croatia",4,"Dubrovacko-Neretvanska",89,"Ston","",NA,"","","","",""
90,58,"HRV","Croatia",4,"Dubrovacko-Neretvanska",90,"Trpanj","",NA,"","","","",""
91,58,"HRV","Croatia",4,"Dubrovacko-Neretvanska",91,"Vela Luka","",NA,"","","","",""
92,58,"HRV","Croatia",4,"Dubrovacko-Neretvanska",92,"Zažablje","",NA,"","","","",""
93,58,"HRV","Croatia",5,"Grad Zagreb",93,"Bistra","",NA,"","","","",""
94,58,"HRV","Croatia",5,"Grad Zagreb",94,"Kravarsko","",NA,"","","","",""
95,58,"HRV","Croatia",5,"Grad Zagreb",95,"Orle","",NA,"","","","",""
96,58,"HRV","Croatia",5,"Grad Zagreb",96,"Pokupsko","",NA,"","","","",""
97,58,"HRV","Croatia",5,"Grad Zagreb",97,"Stupnik","",NA,"","","","",""
98,58,"HRV","Croatia",5,"Grad Zagreb",98,"Velika Gorica","",NA,"","Town","","",""
99,58,"HRV","Croatia",5,"Grad Zagreb",99,"Zagreb","",NA,"","","","",""
100,58,"HRV","Croatia",6,"Istarska",100,"Žminj","",NA,"","","","",""
101,58,"HRV","Croatia",6,"Istarska",101,"Bale","",NA,"","","","",""
102,58,"HRV","Croatia",6,"Istarska",102,"Barban","",NA,"","","","",""
103,58,"HRV","Croatia",6,"Istarska",103,"Brtonigla","",NA,"","","","",""
104,58,"HRV","Croatia",6,"Istarska",104,"Buje","",NA,"","City","","",""
105,58,"HRV","Croatia",6,"Istarska",105,"Buzet","",NA,"","City","","",""
106,58,"HRV","Croatia",6,"Istarska",106,"Cerovlje","",NA,"","","","",""
107,58,"HRV","Croatia",6,"Istarska",107,"Fažana","",NA,"","","","",""
108,58,"HRV","Croatia",6,"Istarska",108,"Gracišce","",NA,"","","","",""
109,58,"HRV","Croatia",6,"Istarska",109,"Grožnjan","",NA,"","","","",""
110,58,"HRV","Croatia",6,"Istarska",110,"Kaštelir-Labinci","",NA,"","","","",""
111,58,"HRV","Croatia",6,"Istarska",111,"Kanfanar","",NA,"","","","",""
112,58,"HRV","Croatia",6,"Istarska",112,"Karojba","",NA,"","","","",""
113,58,"HRV","Croatia",6,"Istarska",113,"Kršan","",NA,"","","","",""
114,58,"HRV","Croatia",6,"Istarska",114,"Labin","",NA,"","City","","",""
115,58,"HRV","Croatia",6,"Istarska",115,"Lanišce","",NA,"","","","",""
116,58,"HRV","Croatia",6,"Istarska",116,"Ližnjan","",NA,"","","","",""
117,58,"HRV","Croatia",6,"Istarska",117,"Lupoglav","",NA,"","","","",""
118,58,"HRV","Croatia",6,"Istarska",118,"Marcana","",NA,"","","","",""
119,58,"HRV","Croatia",6,"Istarska",119,"Medulin","",NA,"","","","",""
120,58,"HRV","Croatia",6,"Istarska",120,"Motovun","",NA,"","","","",""
121,58,"HRV","Croatia",6,"Istarska",121,"Novigrad","",NA,"","City","","",""
122,58,"HRV","Croatia",6,"Istarska",122,"Oprtalj","",NA,"","","","",""
123,58,"HRV","Croatia",6,"Istarska",123,"Pazin","",NA,"","City","","",""
124,58,"HRV","Croatia",6,"Istarska",124,"Pican","",NA,"","","","",""
125,58,"HRV","Croatia",6,"Istarska",125,"Porec","",NA,"","City","","",""
126,58,"HRV","Croatia",6,"Istarska",126,"Premantura","",NA,"","","","",""
127,58,"HRV","Croatia",6,"Istarska",127,"Pula","",NA,"","","","",""
128,58,"HRV","Croatia",6,"Istarska",128,"Raša","",NA,"","","","",""
129,58,"HRV","Croatia",6,"Istarska",129,"Rovinj","",NA,"","City","","",""
130,58,"HRV","Croatia",6,"Istarska",130,"Sveta Nedelja","",NA,"","","","",""
131,58,"HRV","Croatia",6,"Istarska",131,"Sveti Lovrec","",NA,"","","","",""
132,58,"HRV","Croatia",6,"Istarska",132,"Sveti Petar u Šumi","",NA,"","","","",""
133,58,"HRV","Croatia",6,"Istarska",133,"Svetvincenat","",NA,"","","","",""
134,58,"HRV","Croatia",6,"Istarska",134,"Tinjan","",NA,"","","","",""
135,58,"HRV","Croatia",6,"Istarska",135,"Umag","",NA,"","City","","",""
136,58,"HRV","Croatia",6,"Istarska",136,"Višnjan","",NA,"","","","",""
137,58,"HRV","Croatia",6,"Istarska",137,"Vižinada","",NA,"","","","",""
138,58,"HRV","Croatia",6,"Istarska",138,"Vodnjan","",NA,"","City","","",""
139,58,"HRV","Croatia",6,"Istarska",139,"Vrsar","",NA,"","","","",""
140,58,"HRV","Croatia",7,"Karlovacka",140,"Žakanje","",NA,"","","","",""
141,58,"HRV","Croatia",7,"Karlovacka",141,"Barilovic","",NA,"","","","",""
142,58,"HRV","Croatia",7,"Karlovacka",142,"Bosiljevo","",NA,"","","","",""
143,58,"HRV","Croatia",7,"Karlovacka",143,"Cetingrad","",NA,"","","","",""
144,58,"HRV","Croatia",7,"Karlovacka",144,"Draganic","",NA,"","","","",""
145,58,"HRV","Croatia",7,"Karlovacka",145,"Duga Resa","",NA,"","Town","","",""
146,58,"HRV","Croatia",7,"Karlovacka",146,"Generalski Stol","",NA,"","","","",""
147,58,"HRV","Croatia",7,"Karlovacka",147,"Josipdol","",NA,"","","","",""
148,58,"HRV","Croatia",7,"Karlovacka",148,"Karlovac","",NA,"","City","","",""
149,58,"HRV","Croatia",7,"Karlovacka",149,"Krnjak","",NA,"","","","",""
150,58,"HRV","Croatia",7,"Karlovacka",150,"Lasinja","",NA,"","","","",""
151,58,"HRV","Croatia",7,"Karlovacka",151,"Netretic","",NA,"","","","",""
152,58,"HRV","Croatia",7,"Karlovacka",152,"Ogulin","",NA,"","Town","","",""
153,58,"HRV","Croatia",7,"Karlovacka",153,"Ozalj","",NA,"","Town","","",""
154,58,"HRV","Croatia",7,"Karlovacka",154,"Plaški","",NA,"","","","",""
155,58,"HRV","Croatia",7,"Karlovacka",155,"Rakovica","",NA,"","","","",""
156,58,"HRV","Croatia",7,"Karlovacka",156,"Ribnik","",NA,"","","","",""
157,58,"HRV","Croatia",7,"Karlovacka",157,"Saborsko","",NA,"","","","",""
158,58,"HRV","Croatia",7,"Karlovacka",158,"Slunj","",NA,"","Town","","",""
159,58,"HRV","Croatia",7,"Karlovacka",159,"Tounj","",NA,"","","","",""
160,58,"HRV","Croatia",7,"Karlovacka",160,"Vojnic","",NA,"","","","",""
161,58,"HRV","Croatia",8,"Koprivnicko-Križevacka",161,"Ðelekovec","",NA,"","","","",""
162,58,"HRV","Croatia",8,"Koprivnicko-Križevacka",162,"Ðurdevac","",NA,"","Town","","",""
163,58,"HRV","Croatia",8,"Koprivnicko-Križevacka",163,"Drnje","",NA,"","","","",""
164,58,"HRV","Croatia",8,"Koprivnicko-Križevacka",164,"Ferdinandovac","",NA,"","","","",""
165,58,"HRV","Croatia",8,"Koprivnicko-Križevacka",165,"Gola","",NA,"","","","",""
166,58,"HRV","Croatia",8,"Koprivnicko-Križevacka",166,"Gornja Rijeka","",NA,"","","","",""
167,58,"HRV","Croatia",8,"Koprivnicko-Križevacka",167,"Hlebine","",NA,"","","","",""
168,58,"HRV","Croatia",8,"Koprivnicko-Križevacka",168,"Kalinovac","",NA,"","","","",""
169,58,"HRV","Croatia",8,"Koprivnicko-Križevacka",169,"Kalnik","",NA,"","","","",""
170,58,"HRV","Croatia",8,"Koprivnicko-Križevacka",170,"Kloštar Podravski","",NA,"","","","",""
171,58,"HRV","Croatia",8,"Koprivnicko-Križevacka",171,"Koprivnicki Bregi","",NA,"","","","",""
172,58,"HRV","Croatia",8,"Koprivnicko-Križevacka",172,"Koprivnicki Ivanec","",NA,"","","","",""
173,58,"HRV","Croatia",8,"Koprivnicko-Križevacka",173,"Koprivnica","",NA,"","City","","",""
174,58,"HRV","Croatia",8,"Koprivnicko-Križevacka",174,"Križevci","",NA,"","Town","","",""
175,58,"HRV","Croatia",8,"Koprivnicko-Križevacka",175,"Legrad","",NA,"","","","",""
176,58,"HRV","Croatia",8,"Koprivnicko-Križevacka",176,"Molve","",NA,"","","","",""
177,58,"HRV","Croatia",8,"Koprivnicko-Križevacka",177,"Novigrad Podravski","",NA,"","","","",""
178,58,"HRV","Croatia",8,"Koprivnicko-Križevacka",178,"Novo Virje","",NA,"","","","",""
179,58,"HRV","Croatia",8,"Koprivnicko-Križevacka",179,"Peteranec","",NA,"","","","",""
180,58,"HRV","Croatia",8,"Koprivnicko-Križevacka",180,"Podravske Sesvete","",NA,"","","","",""
181,58,"HRV","Croatia",8,"Koprivnicko-Križevacka",181,"Rasinja","",NA,"","","","",""
182,58,"HRV","Croatia",8,"Koprivnicko-Križevacka",182,"Sokolovac","",NA,"","","","",""
183,58,"HRV","Croatia",8,"Koprivnicko-Križevacka",183,"Sveti Ivan Žabno","",NA,"","","","",""
184,58,"HRV","Croatia",8,"Koprivnicko-Križevacka",184,"Sveti Petar Orehovec","",NA,"","","","",""
185,58,"HRV","Croatia",8,"Koprivnicko-Križevacka",185,"Virje","",NA,"","","","",""
186,58,"HRV","Croatia",9,"Krapinsko-Zagorska",186,"Ðurmanec","",NA,"","","","",""
187,58,"HRV","Croatia",9,"Krapinsko-Zagorska",187,"Bedekovcina","",NA,"","","","",""
188,58,"HRV","Croatia",9,"Krapinsko-Zagorska",188,"Budinšcina","",NA,"","","","",""
189,58,"HRV","Croatia",9,"Krapinsko-Zagorska",189,"Desinic","",NA,"","","","",""
190,58,"HRV","Croatia",9,"Krapinsko-Zagorska",190,"Donja Stubica","",NA,"","Town","","",""
191,58,"HRV","Croatia",9,"Krapinsko-Zagorska",191,"Gornja Stubica","",NA,"","Town","","",""
192,58,"HRV","Croatia",9,"Krapinsko-Zagorska",192,"Hrašcina","",NA,"","","","",""
193,58,"HRV","Croatia",9,"Krapinsko-Zagorska",193,"Hum na Sutli","",NA,"","","","",""
194,58,"HRV","Croatia",9,"Krapinsko-Zagorska",194,"Jesenje","",NA,"","","","",""
195,58,"HRV","Croatia",9,"Krapinsko-Zagorska",195,"Klanjec","",NA,"","Town","","",""
196,58,"HRV","Croatia",9,"Krapinsko-Zagorska",196,"Konjšcina","",NA,"","","","",""
197,58,"HRV","Croatia",9,"Krapinsko-Zagorska",197,"Kraljevec na Sutli","",NA,"","","","",""
198,58,"HRV","Croatia",9,"Krapinsko-Zagorska",198,"Krapina","",NA,"","City","","",""
199,58,"HRV","Croatia",9,"Krapinsko-Zagorska",199,"Krapinske Toplice","",NA,"","","","",""
200,58,"HRV","Croatia",9,"Krapinsko-Zagorska",200,"Kumrovec","",NA,"","","","",""
201,58,"HRV","Croatia",9,"Krapinsko-Zagorska",201,"Lobor","",NA,"","","","",""
202,58,"HRV","Croatia",9,"Krapinsko-Zagorska",202,"Mace","",NA,"","","","",""
203,58,"HRV","Croatia",9,"Krapinsko-Zagorska",203,"Marija Bistrica","",NA,"","","","",""
204,58,"HRV","Croatia",9,"Krapinsko-Zagorska",204,"Mihovljan","",NA,"","","","",""
205,58,"HRV","Croatia",9,"Krapinsko-Zagorska",205,"Novi Golubovec","",NA,"","","","",""
206,58,"HRV","Croatia",9,"Krapinsko-Zagorska",206,"Oroslavje","",NA,"","Town","","",""
207,58,"HRV","Croatia",9,"Krapinsko-Zagorska",207,"Petrovsko","",NA,"","","","",""
208,58,"HRV","Croatia",9,"Krapinsko-Zagorska",208,"Pregrada","",NA,"","Town","","",""
209,58,"HRV","Croatia",9,"Krapinsko-Zagorska",209,"Radoboj","",NA,"","","","",""
210,58,"HRV","Croatia",9,"Krapinsko-Zagorska",210,"Stubicke Toplice","",NA,"","","","",""
211,58,"HRV","Croatia",9,"Krapinsko-Zagorska",211,"Sveti Križ Zacretje","",NA,"","","","",""
212,58,"HRV","Croatia",9,"Krapinsko-Zagorska",212,"Tuhelj","",NA,"","","","",""
213,58,"HRV","Croatia",9,"Krapinsko-Zagorska",213,"Veliko Trgovišce","",NA,"","","","",""
214,58,"HRV","Croatia",9,"Krapinsko-Zagorska",214,"Zabok","",NA,"","","","",""
215,58,"HRV","Croatia",9,"Krapinsko-Zagorska",215,"Zagorska Sela","",NA,"","","","",""
216,58,"HRV","Croatia",9,"Krapinsko-Zagorska",216,"Zlatar Bistrica","",NA,"","","","",""
217,58,"HRV","Croatia",9,"Krapinsko-Zagorska",217,"Zlatar","",NA,"","Town","","",""
218,58,"HRV","Croatia",10,"Licko-Senjska",218,"Brinje","",NA,"","","","",""
219,58,"HRV","Croatia",10,"Licko-Senjska",219,"Donji Lapac","",NA,"","","","",""
220,58,"HRV","Croatia",10,"Licko-Senjska",220,"Gospic","",NA,"","Town","","",""
221,58,"HRV","Croatia",10,"Licko-Senjska",221,"Karlobag","",NA,"","","","",""
222,58,"HRV","Croatia",10,"Licko-Senjska",222,"Lovinac","",NA,"","","","",""
223,58,"HRV","Croatia",10,"Licko-Senjska",223,"Novalja","",NA,"","Town","","",""
224,58,"HRV","Croatia",10,"Licko-Senjska",224,"Otocac","",NA,"","Town","","",""
225,58,"HRV","Croatia",10,"Licko-Senjska",225,"Perušic","",NA,"","","","",""
226,58,"HRV","Croatia",10,"Licko-Senjska",226,"Plitvicka Jezera","",NA,"","","","",""
227,58,"HRV","Croatia",10,"Licko-Senjska",227,"Senj","",NA,"","Town","","",""
228,58,"HRV","Croatia",10,"Licko-Senjska",228,"Udbina","",NA,"","","","",""
229,58,"HRV","Croatia",10,"Licko-Senjska",229,"Vrhovine","",NA,"","","","",""
230,58,"HRV","Croatia",11,"Medimurska",230,"Šenkovec","",NA,"","","","",""
231,58,"HRV","Croatia",11,"Medimurska",231,"Štrigova","",NA,"","","","",""
232,58,"HRV","Croatia",11,"Medimurska",232,"Cakovec","",NA,"","City","","",""
233,58,"HRV","Croatia",11,"Medimurska",233,"Belica","",NA,"","","","",""
234,58,"HRV","Croatia",11,"Medimurska",234,"Dekanovec","",NA,"","","","",""
235,58,"HRV","Croatia",11,"Medimurska",235,"Domašinec","",NA,"","","","",""
236,58,"HRV","Croatia",11,"Medimurska",236,"Donja Dubrava","",NA,"","","","",""
237,58,"HRV","Croatia",11,"Medimurska",237,"Donji Kraljevec","",NA,"","","","",""
238,58,"HRV","Croatia",11,"Medimurska",238,"Donji Vidovec","",NA,"","","","",""
239,58,"HRV","Croatia",11,"Medimurska",239,"Gorican","",NA,"","","","",""
240,58,"HRV","Croatia",11,"Medimurska",240,"Gornji Mihaljevec","",NA,"","","","",""
241,58,"HRV","Croatia",11,"Medimurska",241,"Kotoriba","",NA,"","","","",""
242,58,"HRV","Croatia",11,"Medimurska",242,"Mala Subotica","",NA,"","","","",""
243,58,"HRV","Croatia",11,"Medimurska",243,"Mursko Središce","",NA,"","City","","",""
244,58,"HRV","Croatia",11,"Medimurska",244,"Nedelišce","",NA,"","","","",""
245,58,"HRV","Croatia",11,"Medimurska",245,"Orehovica","",NA,"","","","",""
246,58,"HRV","Croatia",11,"Medimurska",246,"Podturen","",NA,"","","","",""
247,58,"HRV","Croatia",11,"Medimurska",247,"Prelog","",NA,"","City","","",""
248,58,"HRV","Croatia",11,"Medimurska",248,"Pribislavec","",NA,"","","","",""
249,58,"HRV","Croatia",11,"Medimurska",249,"Selnica","",NA,"","","","",""
250,58,"HRV","Croatia",11,"Medimurska",250,"Strahoninec","",NA,"","","","",""
251,58,"HRV","Croatia",11,"Medimurska",251,"Sveta Marija na Muri","",NA,"","","","",""
252,58,"HRV","Croatia",11,"Medimurska",252,"Sveti Juraj na Bregu","",NA,"","","","",""
253,58,"HRV","Croatia",11,"Medimurska",253,"Sveti Martin na Muri","",NA,"","","","",""
254,58,"HRV","Croatia",11,"Medimurska",254,"Vratišinec","",NA,"","","","",""
255,58,"HRV","Croatia",12,"Osjecko-Baranjska",255,"Ðakovo","",NA,"","Town ","","",""
256,58,"HRV","Croatia",12,"Osjecko-Baranjska",256,"Ðurdenovac","",NA,"","","","",""
257,58,"HRV","Croatia",12,"Osjecko-Baranjska",257,"Antunovac","",NA,"","","","",""
258,58,"HRV","Croatia",12,"Osjecko-Baranjska",258,"Ceminac","",NA,"","","","",""
259,58,"HRV","Croatia",12,"Osjecko-Baranjska",259,"Cepin","",NA,"","","","",""
260,58,"HRV","Croatia",12,"Osjecko-Baranjska",260,"Beli Manastir","",NA,"","Town ","","",""
261,58,"HRV","Croatia",12,"Osjecko-Baranjska",261,"Belišce","",NA,"","Town ","","",""
262,58,"HRV","Croatia",12,"Osjecko-Baranjska",262,"Bilje","",NA,"","","","",""
263,58,"HRV","Croatia",12,"Osjecko-Baranjska",263,"Bizovac","",NA,"","","","",""
264,58,"HRV","Croatia",12,"Osjecko-Baranjska",264,"Darda","",NA,"","","","",""
265,58,"HRV","Croatia",12,"Osjecko-Baranjska",265,"Donja Moticina","",NA,"","","","",""
266,58,"HRV","Croatia",12,"Osjecko-Baranjska",266,"Donji Miholjac","",NA,"","Town ","","",""
267,58,"HRV","Croatia",12,"Osjecko-Baranjska",267,"Draž","",NA,"","","","",""
268,58,"HRV","Croatia",12,"Osjecko-Baranjska",268,"Drenje","",NA,"","","","",""
269,58,"HRV","Croatia",12,"Osjecko-Baranjska",269,"Erdut","",NA,"","","","",""
270,58,"HRV","Croatia",12,"Osjecko-Baranjska",270,"Ernestinovo","",NA,"","","","",""
271,58,"HRV","Croatia",12,"Osjecko-Baranjska",271,"Fericanci","",NA,"","","","",""
272,58,"HRV","Croatia",12,"Osjecko-Baranjska",272,"Gorjani","",NA,"","","","",""
273,58,"HRV","Croatia",12,"Osjecko-Baranjska",273,"Jagodnjak","",NA,"","","","",""
274,58,"HRV","Croatia",12,"Osjecko-Baranjska",274,"Kneževi Vinogradi","",NA,"","","","",""
275,58,"HRV","Croatia",12,"Osjecko-Baranjska",275,"Koška","",NA,"","","","",""
276,58,"HRV","Croatia",12,"Osjecko-Baranjska",276,"Levanjska Varoš","",NA,"","","","",""
277,58,"HRV","Croatia",12,"Osjecko-Baranjska",277,"Magadenovac","",NA,"","","","",""
278,58,"HRV","Croatia",12,"Osjecko-Baranjska",278,"Marijanci","",NA,"","","","",""
279,58,"HRV","Croatia",12,"Osjecko-Baranjska",279,"Našice","",NA,"","Town ","","",""
280,58,"HRV","Croatia",12,"Osjecko-Baranjska",280,"Osijek","",NA,"","City","","",""
281,58,"HRV","Croatia",12,"Osjecko-Baranjska",281,"Osjecko-Baranjska","",NA,"","","","",""
282,58,"HRV","Croatia",12,"Osjecko-Baranjska",282,"Petlovac","",NA,"","","","",""
283,58,"HRV","Croatia",12,"Osjecko-Baranjska",283,"Petrijevci","",NA,"","","","",""
284,58,"HRV","Croatia",12,"Osjecko-Baranjska",284,"Podgorac","",NA,"","","","",""
285,58,"HRV","Croatia",12,"Osjecko-Baranjska",285,"Podravska Moslavina","",NA,"","","","",""
286,58,"HRV","Croatia",12,"Osjecko-Baranjska",286,"Popovac","",NA,"","","","",""
287,58,"HRV","Croatia",12,"Osjecko-Baranjska",287,"Punitovci","",NA,"","","","",""
288,58,"HRV","Croatia",12,"Osjecko-Baranjska",288,"Satnica Ðakovacka","",NA,"","","","",""
289,58,"HRV","Croatia",12,"Osjecko-Baranjska",289,"Semeljci","",NA,"","","","",""
290,58,"HRV","Croatia",12,"Osjecko-Baranjska",290,"Strizivojna","",NA,"","","","",""
291,58,"HRV","Croatia",12,"Osjecko-Baranjska",291,"Trnava","",NA,"","","","",""
292,58,"HRV","Croatia",12,"Osjecko-Baranjska",292,"Unknown_1","",NA,"","","","",""
293,58,"HRV","Croatia",12,"Osjecko-Baranjska",293,"Unknown_2","",NA,"","","","",""
294,58,"HRV","Croatia",12,"Osjecko-Baranjska",294,"Unknown_3","",NA,"","","","",""
295,58,"HRV","Croatia",12,"Osjecko-Baranjska",295,"Valpovo","",NA,"","Town ","","",""
296,58,"HRV","Croatia",12,"Osjecko-Baranjska",296,"Viškovci","",NA,"","","","",""
297,58,"HRV","Croatia",12,"Osjecko-Baranjska",297,"Viljevo","",NA,"","","","",""
298,58,"HRV","Croatia",12,"Osjecko-Baranjska",298,"Vladislavci","",NA,"","","","",""
299,58,"HRV","Croatia",12,"Osjecko-Baranjska",299,"Vuka","",NA,"","","","",""
300,58,"HRV","Croatia",13,"Požeško-Slavonska",300,"Caglin","",NA,"","","","",""
301,58,"HRV","Croatia",13,"Požeško-Slavonska",301,"Brestovac","",NA,"","","","",""
302,58,"HRV","Croatia",13,"Požeško-Slavonska",302,"Jakšic","",NA,"","","","",""
303,58,"HRV","Croatia",13,"Požeško-Slavonska",303,"Kaptol","",NA,"","","","",""
304,58,"HRV","Croatia",13,"Požeško-Slavonska",304,"Kutjevo","",NA,"","City","","",""
305,58,"HRV","Croatia",13,"Požeško-Slavonska",305,"Lipik","",NA,"","City","","",""
306,58,"HRV","Croatia",13,"Požeško-Slavonska",306,"Pakrac","",NA,"","City","","",""
307,58,"HRV","Croatia",13,"Požeško-Slavonska",307,"Pleternica","",NA,"","City","","",""
308,58,"HRV","Croatia",13,"Požeško-Slavonska",308,"Požega","",NA,"","City","","",""
309,58,"HRV","Croatia",13,"Požeško-Slavonska",309,"Velika","",NA,"","","","",""
310,58,"HRV","Croatia",14,"Primorsko-Goranska",310,"Cabar","",NA,"","Town","","",""
311,58,"HRV","Croatia",14,"Primorsko-Goranska",311,"Cavle","",NA,"","","","",""
312,58,"HRV","Croatia",14,"Primorsko-Goranska",312,"Baška","",NA,"","","","",""
313,58,"HRV","Croatia",14,"Primorsko-Goranska",313,"Bakar","",NA,"","Town","","",""
314,58,"HRV","Croatia",14,"Primorsko-Goranska",314,"Brod Moravice","",NA,"","","","",""
315,58,"HRV","Croatia",14,"Primorsko-Goranska",315,"Cres","",NA,"","Town","","",""
316,58,"HRV","Croatia",14,"Primorsko-Goranska",316,"Crikvenica","",NA,"","Town","","",""
317,58,"HRV","Croatia",14,"Primorsko-Goranska",317,"Delnice","",NA,"","Town","","",""
318,58,"HRV","Croatia",14,"Primorsko-Goranska",318,"Dobrinj","",NA,"","","","",""
319,58,"HRV","Croatia",14,"Primorsko-Goranska",319,"Fužine","",NA,"","","","",""
320,58,"HRV","Croatia",14,"Primorsko-Goranska",320,"Ilovik","",NA,"","","","",""
321,58,"HRV","Croatia",14,"Primorsko-Goranska",321,"Jelenje","",NA,"","","","",""
322,58,"HRV","Croatia",14,"Primorsko-Goranska",322,"Kastav","",NA,"","Town","","",""
323,58,"HRV","Croatia",14,"Primorsko-Goranska",323,"Klana","",NA,"","","","",""
324,58,"HRV","Croatia",14,"Primorsko-Goranska",324,"Kostrena","",NA,"","","","",""
325,58,"HRV","Croatia",14,"Primorsko-Goranska",325,"Kraljevica","",NA,"","Town","","",""
326,58,"HRV","Croatia",14,"Primorsko-Goranska",326,"Krk","",NA,"","Town","","",""
327,58,"HRV","Croatia",14,"Primorsko-Goranska",327,"Lokve","",NA,"","","","",""
328,58,"HRV","Croatia",14,"Primorsko-Goranska",328,"Lopar/Supetarska Draga","",NA,"","Town","","",""
329,58,"HRV","Croatia",14,"Primorsko-Goranska",329,"Lopar","",NA,"","","","",""
330,58,"HRV","Croatia",14,"Primorsko-Goranska",330,"Lovran","",NA,"","","","",""
331,58,"HRV","Croatia",14,"Primorsko-Goranska",331,"Male Srakane","",NA,"","","","",""
332,58,"HRV","Croatia",14,"Primorsko-Goranska",332,"Mali Lošinj","",NA,"","Town","","",""
333,58,"HRV","Croatia",14,"Primorsko-Goranska",333,"Malinska-Dubašnica","",NA,"","","","",""
334,58,"HRV","Croatia",14,"Primorsko-Goranska",334,"Matulji","",NA,"","","","",""
335,58,"HRV","Croatia",14,"Primorsko-Goranska",335,"Mošcenicka Draga","",NA,"","","","",""
336,58,"HRV","Croatia",14,"Primorsko-Goranska",336,"Mrkopalj","",NA,"","","","",""
337,58,"HRV","Croatia",14,"Primorsko-Goranska",337,"Njivice","",NA,"","","","",""
338,58,"HRV","Croatia",14,"Primorsko-Goranska",338,"Novi Vinodolski","",NA,"","Town","","",""
339,58,"HRV","Croatia",14,"Primorsko-Goranska",339,"Omišalj","",NA,"","","","",""
340,58,"HRV","Croatia",14,"Primorsko-Goranska",340,"Opatija/Veprinac","",NA,"","Town","","",""
341,58,"HRV","Croatia",14,"Primorsko-Goranska",341,"Punat","",NA,"","","","",""
342,58,"HRV","Croatia",14,"Primorsko-Goranska",342,"Ravna Gora","",NA,"","","","",""
343,58,"HRV","Croatia",14,"Primorsko-Goranska",343,"Rijeka","",NA,"","City","","",""
344,58,"HRV","Croatia",14,"Primorsko-Goranska",344,"Skrad","",NA,"","","","",""
345,58,"HRV","Croatia",14,"Primorsko-Goranska",345,"Susak","",NA,"","","","",""
346,58,"HRV","Croatia",14,"Primorsko-Goranska",346,"Unije","",NA,"","","","",""
347,58,"HRV","Croatia",14,"Primorsko-Goranska",347,"Vele Srakane","",NA,"","","","",""
348,58,"HRV","Croatia",14,"Primorsko-Goranska",348,"Viškovo","",NA,"","","","",""
349,58,"HRV","Croatia",14,"Primorsko-Goranska",349,"Vinodolska","",NA,"","","","",""
350,58,"HRV","Croatia",14,"Primorsko-Goranska",350,"Vrbnik","",NA,"","","","",""
351,58,"HRV","Croatia",14,"Primorsko-Goranska",351,"Vrbovsko","",NA,"","Town","","",""
352,58,"HRV","Croatia",15,"Sisacko-Moslavacka",352,"Donji Kukuruzari","",NA,"","","","",""
353,58,"HRV","Croatia",15,"Sisacko-Moslavacka",353,"Dvor","",NA,"","","","",""
354,58,"HRV","Croatia",15,"Sisacko-Moslavacka",354,"Glina","",NA,"","Town","","",""
355,58,"HRV","Croatia",15,"Sisacko-Moslavacka",355,"Gvozd","",NA,"","","","",""
356,58,"HRV","Croatia",15,"Sisacko-Moslavacka",356,"Hrvatska Dubica","",NA,"","","","",""
357,58,"HRV","Croatia",15,"Sisacko-Moslavacka",357,"Hrvatska Kostajnica","",NA,"","Town","","",""
358,58,"HRV","Croatia",15,"Sisacko-Moslavacka",358,"Jasenovac","",NA,"","","","",""
359,58,"HRV","Croatia",15,"Sisacko-Moslavacka",359,"Kutina","",NA,"","Town","","",""
360,58,"HRV","Croatia",15,"Sisacko-Moslavacka",360,"Lekenik","",NA,"","","","",""
361,58,"HRV","Croatia",15,"Sisacko-Moslavacka",361,"Lipovljani","",NA,"","","","",""
362,58,"HRV","Croatia",15,"Sisacko-Moslavacka",362,"Majur","",NA,"","","","",""
363,58,"HRV","Croatia",15,"Sisacko-Moslavacka",363,"Martinska Ves","",NA,"","","","",""
364,58,"HRV","Croatia",15,"Sisacko-Moslavacka",364,"Novska","",NA,"","Town","","",""
365,58,"HRV","Croatia",15,"Sisacko-Moslavacka",365,"Petrinja","",NA,"","Town","","",""
366,58,"HRV","Croatia",15,"Sisacko-Moslavacka",366,"Popovaca","",NA,"","","","",""
367,58,"HRV","Croatia",15,"Sisacko-Moslavacka",367,"Sisak","",NA,"","City","","",""
368,58,"HRV","Croatia",15,"Sisacko-Moslavacka",368,"Sunja","",NA,"","","","",""
369,58,"HRV","Croatia",15,"Sisacko-Moslavacka",369,"Topusko","",NA,"","","","",""
370,58,"HRV","Croatia",15,"Sisacko-Moslavacka",370,"Velika Ludina","",NA,"","","","",""
371,58,"HRV","Croatia",16,"Splitsko-Dalmatinska",371,"Šestanovac","",NA,"","","","",""
372,58,"HRV","Croatia",16,"Splitsko-Dalmatinska",372,"Šolta","",NA,"","","","",""
373,58,"HRV","Croatia",16,"Splitsko-Dalmatinska",373,"Baška Voda","",NA,"","","","",""
374,58,"HRV","Croatia",16,"Splitsko-Dalmatinska",374,"Blaca","",NA,"","","","",""
375,58,"HRV","Croatia",16,"Splitsko-Dalmatinska",375,"Bol","",NA,"","","","",""
376,58,"HRV","Croatia",16,"Splitsko-Dalmatinska",376,"Brela","",NA,"","","","",""
377,58,"HRV","Croatia",16,"Splitsko-Dalmatinska",377,"Cista Provo","",NA,"","","","",""
378,58,"HRV","Croatia",16,"Splitsko-Dalmatinska",378,"Dicmo","",NA,"","","","",""
379,58,"HRV","Croatia",16,"Splitsko-Dalmatinska",379,"Dugi Rat","",NA,"","","","",""
380,58,"HRV","Croatia",16,"Splitsko-Dalmatinska",380,"Dugopolje","",NA,"","","","",""
381,58,"HRV","Croatia",16,"Splitsko-Dalmatinska",381,"Gradac","",NA,"","","","",""
382,58,"HRV","Croatia",16,"Splitsko-Dalmatinska",382,"Hrvace","",NA,"","","","",""
383,58,"HRV","Croatia",16,"Splitsko-Dalmatinska",383,"Hvar","",NA,"","Town","","",""
384,58,"HRV","Croatia",16,"Splitsko-Dalmatinska",384,"Imotski","",NA,"","Town","","",""
385,58,"HRV","Croatia",16,"Splitsko-Dalmatinska",385,"Jelsa","",NA,"","","","",""
386,58,"HRV","Croatia",16,"Splitsko-Dalmatinska",386,"Kaštela","",NA,"","Town","","",""
387,58,"HRV","Croatia",16,"Splitsko-Dalmatinska",387,"Klis","",NA,"","","","",""
388,58,"HRV","Croatia",16,"Splitsko-Dalmatinska",388,"Komiža","",NA,"","Town","","",""
389,58,"HRV","Croatia",16,"Splitsko-Dalmatinska",389,"Lecevica","",NA,"","","","",""
390,58,"HRV","Croatia",16,"Splitsko-Dalmatinska",390,"Lokvicici","",NA,"","","","",""
391,58,"HRV","Croatia",16,"Splitsko-Dalmatinska",391,"Lovrec","",NA,"","","","",""
392,58,"HRV","Croatia",16,"Splitsko-Dalmatinska",392,"Makarska","",NA,"","Town","","",""
393,58,"HRV","Croatia",16,"Splitsko-Dalmatinska",393,"Marina","",NA,"","","","",""
394,58,"HRV","Croatia",16,"Splitsko-Dalmatinska",394,"Milna","",NA,"","","","",""
395,58,"HRV","Croatia",16,"Splitsko-Dalmatinska",395,"Muc","",NA,"","","","",""
396,58,"HRV","Croatia",16,"Splitsko-Dalmatinska",396,"Nerežišca","",NA,"","","","",""
397,58,"HRV","Croatia",16,"Splitsko-Dalmatinska",397,"Okrug","",NA,"","","","",""
398,58,"HRV","Croatia",16,"Splitsko-Dalmatinska",398,"Omiš","",NA,"","Town","","",""
399,58,"HRV","Croatia",16,"Splitsko-Dalmatinska",399,"Otok","",NA,"","","","",""
400,58,"HRV","Croatia",16,"Splitsko-Dalmatinska",400,"Podbablje","",NA,"","","","",""
401,58,"HRV","Croatia",16,"Splitsko-Dalmatinska",401,"Podgora","",NA,"","","","",""
402,58,"HRV","Croatia",16,"Splitsko-Dalmatinska",402,"Podstrana","",NA,"","","","",""
403,58,"HRV","Croatia",16,"Splitsko-Dalmatinska",403,"Postira","",NA,"","","","",""
404,58,"HRV","Croatia",16,"Splitsko-Dalmatinska",404,"Prgomet","",NA,"","","","",""
405,58,"HRV","Croatia",16,"Splitsko-Dalmatinska",405,"Primorski Dolac","",NA,"","","","",""
406,58,"HRV","Croatia",16,"Splitsko-Dalmatinska",406,"Proložac","",NA,"","","","",""
407,58,"HRV","Croatia",16,"Splitsko-Dalmatinska",407,"Pucišca","",NA,"","","","",""
408,58,"HRV","Croatia",16,"Splitsko-Dalmatinska",408,"Runovici","",NA,"","","","",""
409,58,"HRV","Croatia",16,"Splitsko-Dalmatinska",409,"Seget","",NA,"","","","",""
410,58,"HRV","Croatia",16,"Splitsko-Dalmatinska",410,"Selca","",NA,"","","","",""
411,58,"HRV","Croatia",16,"Splitsko-Dalmatinska",411,"Sinj","",NA,"","Town","","",""
412,58,"HRV","Croatia",16,"Splitsko-Dalmatinska",412,"Solin","",NA,"","Town","","",""
413,58,"HRV","Croatia",16,"Splitsko-Dalmatinska",413,"Split","",NA,"","City","","",""
414,58,"HRV","Croatia",16,"Splitsko-Dalmatinska",414,"Stari Grad","",NA,"","Town","","",""
415,58,"HRV","Croatia",16,"Splitsko-Dalmatinska",415,"Sucuraj","",NA,"","","","",""
416,58,"HRV","Croatia",16,"Splitsko-Dalmatinska",416,"Supetar","",NA,"","Town","","",""
417,58,"HRV","Croatia",16,"Splitsko-Dalmatinska",417,"Sutivan","",NA,"","","","",""
418,58,"HRV","Croatia",16,"Splitsko-Dalmatinska",418,"Trilj","",NA,"","","","",""
419,58,"HRV","Croatia",16,"Splitsko-Dalmatinska",419,"Trogir","",NA,"","Town","","",""
420,58,"HRV","Croatia",16,"Splitsko-Dalmatinska",420,"Tucepi","",NA,"","","","",""
421,58,"HRV","Croatia",16,"Splitsko-Dalmatinska",421,"Vis","",NA,"","Town","","",""
422,58,"HRV","Croatia",16,"Splitsko-Dalmatinska",422,"Vrgorac","",NA,"","Town","","",""
423,58,"HRV","Croatia",16,"Splitsko-Dalmatinska",423,"Vrlika","",NA,"","Town","","",""
424,58,"HRV","Croatia",16,"Splitsko-Dalmatinska",424,"Zadvarje","",NA,"","","","",""
425,58,"HRV","Croatia",16,"Splitsko-Dalmatinska",425,"Zagvozd","",NA,"","","","",""
426,58,"HRV","Croatia",16,"Splitsko-Dalmatinska",426,"Zmijavci","",NA,"","","","",""
427,58,"HRV","Croatia",17,"Varaždinska",427,"Bednja","",NA,"","","","",""
428,58,"HRV","Croatia",17,"Varaždinska",428,"Beretinec","",NA,"","","","",""
429,58,"HRV","Croatia",17,"Varaždinska",429,"Breznicki Hum","",NA,"","","","",""
430,58,"HRV","Croatia",17,"Varaždinska",430,"Breznica","",NA,"","","","",""
431,58,"HRV","Croatia",17,"Varaždinska",431,"Cestica","",NA,"","","","",""
432,58,"HRV","Croatia",17,"Varaždinska",432,"Donja Voca","",NA,"","","","",""
433,58,"HRV","Croatia",17,"Varaždinska",433,"Donji Martijanec","",NA,"","","","",""
434,58,"HRV","Croatia",17,"Varaždinska",434,"Gornji Kneginec","",NA,"","","","",""
435,58,"HRV","Croatia",17,"Varaždinska",435,"Ivanec","",NA,"","Town","","",""
436,58,"HRV","Croatia",17,"Varaždinska",436,"Jalžabet","",NA,"","","","",""
437,58,"HRV","Croatia",17,"Varaždinska",437,"Klenovnik","",NA,"","","","",""
438,58,"HRV","Croatia",17,"Varaždinska",438,"Lepoglava","",NA,"","Town","","",""
439,58,"HRV","Croatia",17,"Varaždinska",439,"Ljubešcica","",NA,"","","","",""
440,58,"HRV","Croatia",17,"Varaždinska",440,"Ludbreg","",NA,"","Town","","",""
441,58,"HRV","Croatia",17,"Varaždinska",441,"Mali Bukovec","",NA,"","","","",""
442,58,"HRV","Croatia",17,"Varaždinska",442,"Maruševec","",NA,"","","","",""
443,58,"HRV","Croatia",17,"Varaždinska",443,"Novi Marof","",NA,"","Town","","",""
444,58,"HRV","Croatia",17,"Varaždinska",444,"Petrijanec","",NA,"","","","",""
445,58,"HRV","Croatia",17,"Varaždinska",445,"Sracinec","",NA,"","","","",""
446,58,"HRV","Croatia",17,"Varaždinska",446,"Sveti Ðurd","",NA,"","","","",""
447,58,"HRV","Croatia",17,"Varaždinska",447,"Sveti Ilija","",NA,"","","","",""
448,58,"HRV","Croatia",17,"Varaždinska",448,"Trnovec Bartolovecki","",NA,"","","","",""
449,58,"HRV","Croatia",17,"Varaždinska",449,"Varaždin","",NA,"","City","","",""
450,58,"HRV","Croatia",17,"Varaždinska",450,"Varaždinske Toplice","",NA,"","Town","","",""
451,58,"HRV","Croatia",17,"Varaždinska",451,"Veliki Bukovec","",NA,"","","","",""
452,58,"HRV","Croatia",17,"Varaždinska",452,"Vidovec","",NA,"","","","",""
453,58,"HRV","Croatia",17,"Varaždinska",453,"Vinica","",NA,"","","","",""
454,58,"HRV","Croatia",17,"Varaždinska",454,"Visoko","",NA,"","","","",""
455,58,"HRV","Croatia",18,"Viroviticko-Podravska",455,"Špišic Bukovica","",NA,"","","","",""
456,58,"HRV","Croatia",18,"Viroviticko-Podravska",456,"Cadavica","",NA,"","","","",""
457,58,"HRV","Croatia",18,"Viroviticko-Podravska",457,"Cacinci","",NA,"","","","",""
458,58,"HRV","Croatia",18,"Viroviticko-Podravska",458,"Crnac","",NA,"","","","",""
459,58,"HRV","Croatia",18,"Viroviticko-Podravska",459,"Gradina","",NA,"","","","",""
460,58,"HRV","Croatia",18,"Viroviticko-Podravska",460,"Lukac","",NA,"","","","",""
461,58,"HRV","Croatia",18,"Viroviticko-Podravska",461,"Mikleuš","",NA,"","","","",""
462,58,"HRV","Croatia",18,"Viroviticko-Podravska",462,"Nova Bukovica","",NA,"","","","",""
463,58,"HRV","Croatia",18,"Viroviticko-Podravska",463,"Orahovica","",NA,"","City","","",""
464,58,"HRV","Croatia",18,"Viroviticko-Podravska",464,"Pitomaca","",NA,"","","","",""
465,58,"HRV","Croatia",18,"Viroviticko-Podravska",465,"Slatina","",NA,"","City","","",""
466,58,"HRV","Croatia",18,"Viroviticko-Podravska",466,"Sopje","",NA,"","","","",""
467,58,"HRV","Croatia",18,"Viroviticko-Podravska",467,"Suhopolje","",NA,"","","","",""
468,58,"HRV","Croatia",18,"Viroviticko-Podravska",468,"Virovitica","",NA,"","City","","",""
469,58,"HRV","Croatia",18,"Viroviticko-Podravska",469,"Vocin","",NA,"","","","",""
470,58,"HRV","Croatia",18,"Viroviticko-Podravska",470,"Zdenci","",NA,"","","","",""
471,58,"HRV","Croatia",19,"Vukovarsko-Srijemska",471,"Županja","",NA,"","Town","","",""
472,58,"HRV","Croatia",19,"Vukovarsko-Srijemska",472,"Andrijaševci","",NA,"","","","",""
473,58,"HRV","Croatia",19,"Vukovarsko-Srijemska",473,"Babina Greda","",NA,"","","","",""
474,58,"HRV","Croatia",19,"Vukovarsko-Srijemska",474,"Bošnjaci","",NA,"","","","",""
475,58,"HRV","Croatia",19,"Vukovarsko-Srijemska",475,"Bogdanovci","",NA,"","","","",""
476,58,"HRV","Croatia",19,"Vukovarsko-Srijemska",476,"Borovo","",NA,"","","","",""
477,58,"HRV","Croatia",19,"Vukovarsko-Srijemska",477,"Cerna","",NA,"","","","",""
478,58,"HRV","Croatia",19,"Vukovarsko-Srijemska",478,"Drenovci","",NA,"","","","",""
479,58,"HRV","Croatia",19,"Vukovarsko-Srijemska",479,"Gradište","",NA,"","","","",""
480,58,"HRV","Croatia",19,"Vukovarsko-Srijemska",480,"Gunja","",NA,"","","","",""
481,58,"HRV","Croatia",19,"Vukovarsko-Srijemska",481,"Ilok","",NA,"","Town","","",""
482,58,"HRV","Croatia",19,"Vukovarsko-Srijemska",482,"Ivankovo","",NA,"","","","",""
483,58,"HRV","Croatia",19,"Vukovarsko-Srijemska",483,"Jarmina","",NA,"","","","",""
484,58,"HRV","Croatia",19,"Vukovarsko-Srijemska",484,"Lovas","",NA,"","","","",""
485,58,"HRV","Croatia",19,"Vukovarsko-Srijemska",485,"Markušica","",NA,"","","","",""
486,58,"HRV","Croatia",19,"Vukovarsko-Srijemska",486,"Negoslavci","",NA,"","","","",""
487,58,"HRV","Croatia",19,"Vukovarsko-Srijemska",487,"Nijemci","",NA,"","","","",""
488,58,"HRV","Croatia",19,"Vukovarsko-Srijemska",488,"Nuštar","",NA,"","","","",""
489,58,"HRV","Croatia",19,"Vukovarsko-Srijemska",489,"Otok","",NA,"","Town","","",""
490,58,"HRV","Croatia",19,"Vukovarsko-Srijemska",490,"Privlaka","",NA,"","","","",""
491,58,"HRV","Croatia",19,"Vukovarsko-Srijemska",491,"Stari Jankovci","",NA,"","","","",""
492,58,"HRV","Croatia",19,"Vukovarsko-Srijemska",492,"Stari Mikanovci","",NA,"","","","",""
493,58,"HRV","Croatia",19,"Vukovarsko-Srijemska",493,"Tompojevci","",NA,"","","","",""
494,58,"HRV","Croatia",19,"Vukovarsko-Srijemska",494,"Tordinci","",NA,"","","","",""
495,58,"HRV","Croatia",19,"Vukovarsko-Srijemska",495,"Tovarnik","",NA,"","","","",""
496,58,"HRV","Croatia",19,"Vukovarsko-Srijemska",496,"Trpinja","",NA,"","","","",""
497,58,"HRV","Croatia",19,"Vukovarsko-Srijemska",497,"Vinkovci","",NA,"","Town","","",""
498,58,"HRV","Croatia",19,"Vukovarsko-Srijemska",498,"Vodinci","",NA,"","","","",""
499,58,"HRV","Croatia",19,"Vukovarsko-Srijemska",499,"Vrbanja","",NA,"","","","",""
500,58,"HRV","Croatia",19,"Vukovarsko-Srijemska",500,"Vukovar","",NA,"","Town","","",""
501,58,"HRV","Croatia",20,"Zadarska",501,"Škabrnja","",NA,"","","","",""
502,58,"HRV","Croatia",20,"Zadarska",502,"Benkovac","",NA,"","Town","","",""
503,58,"HRV","Croatia",20,"Zadarska",503,"Bibinje","",NA,"","","","",""
504,58,"HRV","Croatia",20,"Zadarska",504,"Biograd na Moru","",NA,"","Town","","",""
505,58,"HRV","Croatia",20,"Zadarska",505,"Galovac","",NA,"","","","",""
506,58,"HRV","Croatia",20,"Zadarska",506,"Gracac","",NA,"","","","",""
507,58,"HRV","Croatia",20,"Zadarska",507,"Jasenice","",NA,"","","","",""
508,58,"HRV","Croatia",20,"Zadarska",508,"Kali","",NA,"","","","",""
509,58,"HRV","Croatia",20,"Zadarska",509,"Kukljica","",NA,"","","","",""
510,58,"HRV","Croatia",20,"Zadarska",510,"Lišane Ostrovicke","",NA,"","","","",""
511,58,"HRV","Croatia",20,"Zadarska",511,"Nin","",NA,"","Town","","",""
512,58,"HRV","Croatia",20,"Zadarska",512,"Novigrad","",NA,"","","","",""
513,58,"HRV","Croatia",20,"Zadarska",513,"Obrovac","",NA,"","Town","","",""
514,58,"HRV","Croatia",20,"Zadarska",514,"Pašman","",NA,"","","","",""
515,58,"HRV","Croatia",20,"Zadarska",515,"Pag","",NA,"","Town","","",""
516,58,"HRV","Croatia",20,"Zadarska",516,"Pakoštane","",NA,"","","","",""
517,58,"HRV","Croatia",20,"Zadarska",517,"Polaca","",NA,"","","","",""
518,58,"HRV","Croatia",20,"Zadarska",518,"Policnik","",NA,"","","","",""
519,58,"HRV","Croatia",20,"Zadarska",519,"Posedarje","",NA,"","","","",""
520,58,"HRV","Croatia",20,"Zadarska",520,"Povljane","",NA,"","","","",""
521,58,"HRV","Croatia",20,"Zadarska",521,"Preko","",NA,"","","","",""
522,58,"HRV","Croatia",20,"Zadarska",522,"Privlaka","",NA,"","","","",""
523,58,"HRV","Croatia",20,"Zadarska",523,"Ražanac","",NA,"","","","",""
524,58,"HRV","Croatia",20,"Zadarska",524,"Sali","",NA,"","","","",""
525,58,"HRV","Croatia",20,"Zadarska",525,"Stankovci","",NA,"","","","",""
526,58,"HRV","Croatia",20,"Zadarska",526,"Starigrad","",NA,"","","","",""
527,58,"HRV","Croatia",20,"Zadarska",527,"Sukošan","",NA,"","","","",""
528,58,"HRV","Croatia",20,"Zadarska",528,"Sveti Filip i Jakov","",NA,"","","","",""
529,58,"HRV","Croatia",20,"Zadarska",529,"Tkon","",NA,"","","","",""
530,58,"HRV","Croatia",20,"Zadarska",530,"Vir","",NA,"","","","",""
531,58,"HRV","Croatia",20,"Zadarska",531,"Zadar","",NA,"","City","","",""
532,58,"HRV","Croatia",20,"Zadarska",532,"Zemunik Donji","",NA,"","","","",""
533,58,"HRV","Croatia",21,"Zagrebacka",533,"Žumberak","",NA,"","","","",""
534,58,"HRV","Croatia",21,"Zagrebacka",534,"Bedenica","",NA,"","","","",""
535,58,"HRV","Croatia",21,"Zagrebacka",535,"Brckovljani","",NA,"","","","",""
536,58,"HRV","Croatia",21,"Zagrebacka",536,"Brdovec","",NA,"","","","",""
537,58,"HRV","Croatia",21,"Zagrebacka",537,"Dubrava","",NA,"","","","",""
538,58,"HRV","Croatia",21,"Zagrebacka",538,"Dubravica","",NA,"","","","",""
539,58,"HRV","Croatia",21,"Zagrebacka",539,"Dugo Selo","",NA,"","Town","","",""
540,58,"HRV","Croatia",21,"Zagrebacka",540,"Farkaševac","",NA,"","","","",""
541,58,"HRV","Croatia",21,"Zagrebacka",541,"Gradec","",NA,"","","","",""
542,58,"HRV","Croatia",21,"Zagrebacka",542,"Ivanic-Grad","",NA,"","Town","","",""
543,58,"HRV","Croatia",21,"Zagrebacka",543,"Jakovlje","",NA,"","","","",""
544,58,"HRV","Croatia",21,"Zagrebacka",544,"Jastrebarsko","",NA,"","Town","","",""
545,58,"HRV","Croatia",21,"Zagrebacka",545,"Klinca Sela","",NA,"","","","",""
546,58,"HRV","Croatia",21,"Zagrebacka",546,"Kloštar Ivanic","",NA,"","","","",""
547,58,"HRV","Croatia",21,"Zagrebacka",547,"Krašic","",NA,"","","","",""
548,58,"HRV","Croatia",21,"Zagrebacka",548,"Križ","",NA,"","","","",""
549,58,"HRV","Croatia",21,"Zagrebacka",549,"Luka","",NA,"","","","",""
550,58,"HRV","Croatia",21,"Zagrebacka",550,"Marija Gorica","",NA,"","","","",""
551,58,"HRV","Croatia",21,"Zagrebacka",551,"Pisarovina","",NA,"","","","",""
552,58,"HRV","Croatia",21,"Zagrebacka",552,"Preseka","",NA,"","","","",""
553,58,"HRV","Croatia",21,"Zagrebacka",553,"Pušca","",NA,"","","","",""
554,58,"HRV","Croatia",21,"Zagrebacka",554,"Rakovec","",NA,"","","","",""
555,58,"HRV","Croatia",21,"Zagrebacka",555,"Rugvica","",NA,"","","","",""
556,58,"HRV","Croatia",21,"Zagrebacka",556,"Samobor","",NA,"","Town","","",""
557,58,"HRV","Croatia",21,"Zagrebacka",557,"Sveta Nedelja","",NA,"","Town","","",""
558,58,"HRV","Croatia",21,"Zagrebacka",558,"Sveti Ivan Zelina","",NA,"","Town","","",""
559,58,"HRV","Croatia",21,"Zagrebacka",559,"Vrbovec","",NA,"","Town","","",""
560,58,"HRV","Croatia",21,"Zagrebacka",560,"Zaprešic","",NA,"","Town","","",""
